Workbook

Sheet Dashboard
A1: DATA QUALITY AUDIT DASHBOARD
A4: Filter by Project: | B4: (All Projects) | D4: Filter by Month: | E4: (All Months) | G4: Records in view: | H4: =COUNTIFS('Data Entry'!$B$5:$B$200,IF($B$4="(All Projects)","*",$B$4),'Data Entry'!$C$5:$C$200,IF($E$4="(All Months)","*",$E$4),'Data Entry'!$B$5:$B$200,"<>") -> 1
A6: Score by Dimension
A7: Dimension | B7: Records Checked | C7: Records Compliant | D7: Score % | E7: Status | H7: Definition
A8: Accuracy | B8: =SUMIFS('Data Entry'!$G$5:$G$200,'Data Entry'!$B$5:$B$200,IF($B$4="(All Projects)","*",$B$4),'Data Entry'!$C$5:$C$200,IF($E$4="(All Months)","*",$E$4)) -> 50 | C8: =SUMIFS('Data Entry'!$H$5:$H$200,'Data Entry'!$B$5:$B$200,IF($B$4="(All Projects)","*",$B$4),'Data Entry'!$C$5:$C$200,IF($E$4="(All Months)","*",$E$4)) -> 46 | D8: =IFERROR(C8/B8,"") -> 0.92 | E8: =IF(D8="","No data",IF(D8>=Legend!$C$14,"GREEN",IF(D8>=Legend!$C$15,"YELLOW",IF(D8>=Legend!$C$16,"ORANGE","RED")))) -> GREEN | H8: Data correctly reflects the real-world person, event or object it describes (e.g. correct beneficiary name, correct GPS location, correct amount).
A9: Completeness | B9: =SUMIFS('Data Entry'!$J$5:$J$200,'Data Entry'!$B$5:$B$200,IF($B$4="(All Projects)","*",$B$4),'Data Entry'!$C$5:$C$200,IF($E$4="(All Months)","*",$E$4)) -> 50 | C9: =SUMIFS('Data Entry'!$K$5:$K$200,'Data Entry'!$B$5:$B$200,IF($B$4="(All Projects)","*",$B$4),'Data Entry'!$C$5:$C$200,IF($E$4="(All Months)","*",$E$4)) -> 41 | D9: =IFERROR(C9/B9,"") -> 0.82 | E9: =IF(D9="","No data",IF(D9>=Legend!$C$14,"GREEN",IF(D9>=Legend!$C$15,"YELLOW",IF(D9>=Legend!$C$16,"ORANGE","RED")))) -> YELLOW | H9: All required fields/records are present - no missing values, missing forms, or missing records that should exist.
A10: Consistency | B10: =SUMIFS('Data Entry'!$M$5:$M$200,'Data Entry'!$B$5:$B$200,IF($B$4="(All Projects)","*",$B$4),'Data Entry'!$C$5:$C$200,IF($E$4="(All Months)","*",$E$4)) -> 50 | C10: =SUMIFS('Data Entry'!$N$5:$N$200,'Data Entry'!$B$5:$B$200,IF($B$4="(All Projects)","*",$B$4),'Data Entry'!$C$5:$C$200,IF($E$4="(All Months)","*",$E$4)) -> 48 | D10: =IFERROR(C10/B10,"") -> 0.96 | E10: =IF(D10="","No data",IF(D10>=Legend!$C$14,"GREEN",IF(D10>=Legend!$C$15,"YELLOW",IF(D10>=Legend!$C$16,"ORANGE","RED")))) -> GREEN | H10: Data agrees with itself across forms, registers, systems or reporting periods (e.g. same figure in the register and the report).
A11: Timeliness | B11: =SUMIFS('Data Entry'!$P$5:$P$200,'Data Entry'!$B$5:$B$200,IF($B$4="(All Projects)","*",$B$4),'Data Entry'!$C$5:$C$200,IF($E$4="(All Months)","*",$E$4)) -> 50 | C11: =SUMIFS('Data Entry'!$Q$5:$Q$200,'Data Entry'!$B$5:$B$200,IF($B$4="(All Projects)","*",$B$4),'Data Entry'!$C$5:$C$200,IF($E$4="(All Months)","*",$E$4)) -> 33 | D11: =IFERROR(C11/B11,"") -> 0.66 | E11: =IF(D11="","No data",IF(D11>=Legend!$C$14,"GREEN",IF(D11>=Legend!$C$15,"YELLOW",IF(D11>=Legend!$C$16,"ORANGE","RED")))) -> ORANGE | H11: Data is captured, updated and reported within the expected/required timeframe, so it is current when used for decisions.
A12: Validity | B12: =SUMIFS('Data Entry'!$S$5:$S$200,'Data Entry'!$B$5:$B$200,IF($B$4="(All Projects)","*",$B$4),'Data Entry'!$C$5:$C$200,IF($E$4="(All Months)","*",$E$4)) -> 50 | C12: =SUMIFS('Data Entry'!$T$5:$T$200,'Data Entry'!$B$5:$B$200,IF($B$4="(All Projects)","*",$B$4),'Data Entry'!$C$5:$C$200,IF($E$4="(All Months)","*",$E$4)) -> 45 | D12: =IFERROR(C12/B12,"") -> 0.9 | E12: =IF(D12="","No data",IF(D12>=Legend!$C$14,"GREEN",IF(D12>=Legend!$C$15,"YELLOW",IF(D12>=Legend!$C$16,"ORANGE","RED")))) -> GREEN | H12: Data conforms to the required format, type, range or defined code list (e.g. valid date format, ID number length, valid category code).
A13: OVERALL | B13: =SUM(B8:B12) -> 250 | C13: =SUM(C8:C12) -> 213 | D13: =IFERROR(C13/B13,"") -> 0.852 | E13: =IF(D13="","No data",IF(D13>=Legend!$C$14,"GREEN",IF(D13>=Legend!$C$15,"YELLOW",IF(D13>=Legend!$C$16,"ORANGE","RED")))) -> GREEN
A15: ="Overall Audit Status: "&E13 -> Overall Audit Status: GREEN
A18: Areas to Concentrate On (automatic)
A19: =IF(E8="RED","Accuracy, ","")&IF(E9="RED","Completeness, ","")&IF(E10="RED","Consistency, ","")&IF(E11="RED","Timeliness, ","")&IF(E12="RED","Validity, ","") | B19: =IF(E8="ORANGE","Accuracy, ","")&IF(E9="ORANGE","Completeness, ","")&IF(E10="ORANGE","Consistency, ","")&IF(E11="ORANGE","Timeliness, ","")&IF(E12="ORANGE","Validity, ","") -> Timeliness, | C19: =IF(E8="YELLOW","Accuracy, ","")&IF(E9="YELLOW","Completeness, ","")&IF(E10="YELLOW","Consistency, ","")&IF(E11="YELLOW","Timeliness, ","")&IF(E12="YELLOW","Validity, ","") -> Completeness,
A20: =IF(LEN(A19)>0,"CRITICAL - urgent action needed on: "&LEFT(A19,LEN(A19)-2)&".",IF(LEN(B19)>0,"Significant improvement required on: "&LEFT(B19,LEN(B19)-2)&".",IF(LEN(C19)>0,"Needs improvement / monitor: "&LEFT(C19,LEN(C19)-2)&".",IF(H4=0,"No audit data yet for this selection - add rows in Data Entry.","All 5 dimensions are Green for this selection - maintain current standards.")))) -> Significant improvement required on: Timeliness.
A24: Chart: Score % by Dimension

Sheet Data Entry
A1: DATA QUALITY AUDIT - FIELD FINDINGS ENTRY
A2: Enter ONE ROW per audit visit. Fill only the light-yellow cells (B:F and the 'Checked' / 'Compliant' columns for each dimension). Everything else calculates automatically.
A3: Audit ID | B3: Project Name | C3: Month / Period | D3: Area / Facility / Site | E3: Auditor | F3: Audit Date | G3: ACCURACY | J3: COMPLETENESS | M3: CONSISTENCY | P3: TIMELINESS | S3: VALIDITY | V3: Overall Score % | W3: Overall Status | X3: (helper) | Y3: Priority Areas (auto)
G4: # Checked | H4: # Compliant | I4: Score % | J4: # Checked | K4: # Compliant | L4: Score % | M4: # Checked | N4: # Compliant | O4: Score % | P4: # Checked | Q4: # Compliant | R4: Score % | S4: # Checked | T4: # Compliant | U4: Score %
A5: ="AUD-"&TEXT(ROW()-4,"000") -> AUD-001 | B5: Samalani Ana | C5: Jan-2026 | D5: Lusaka District - Site 1 | E5: J. Banda | F5: 2026-01-15 | G5: 50 | H5: 46 | I5: =IFERROR(H5/G5,"") -> 0.92 | J5: 50 | K5: 41 | L5: =IFERROR(K5/J5,"") -> 0.82 | M5: 50 | N5: 48 | O5: =IFERROR(N5/M5,"") -> 0.96 | P5: 50 | Q5: 33 | R5: =IFERROR(Q5/P5,"") -> 0.66 | S5: 50 | T5: 45 | U5: =IFERROR(T5/S5,"") -> 0.9 | V5: =IFERROR(AVERAGE(I5,L5,O5,R5,U5),"") -> 0.852 | W5: =IF(V5="","",IF(V5>=Legend!$C$14,"GREEN",IF(V5>=Legend!$C$15,"YELLOW",IF(V5>=Legend!$C$16,"ORANGE","RED")))) -> GREEN | X5: =IF(AND(I5<>"",I5<Legend!$C$14),"Accuracy, ","")&IF(AND(L5<>"",L5<Legend!$C$14),"Completeness, ","")&IF(AND(O5<>"",O5<Legend!$C$14),"Consistency, ","")&IF(AND(R5<>"",R5<Legend!$C$14),"Timeliness, ","")&IF(AND(U5<>"",U5<Legend!$C$14),"Validity, ","") -> Completeness, Timeliness, | Y5: =IF(V5="","",IF(LEN(X5)=0,"All dimensions on target",LEFT(X5,LEN(X5)-2))) -> Completeness, Timeliness
A6: =IF($B6="","",""&"AUD-"&TEXT(ROW()-4,"000")) | I6: =IFERROR(H6/G6,"") | L6: =IFERROR(K6/J6,"") | O6: =IFERROR(N6/M6,"") | R6: =IFERROR(Q6/P6,"") | U6: =IFERROR(T6/S6,"") | V6: =IFERROR(AVERAGE(I6,L6,O6,R6,U6),"") | W6: =IF(V6="","",IF(V6>=Legend!$C$14,"GREEN",IF(V6>=Legend!$C$15,"YELLOW",IF(V6>=Legend!$C$16,"ORANGE","RED")))) | X6: =IF(AND(I6<>"",I6<Legend!$C$14),"Accuracy, ","")&IF(AND(L6<>"",L6<Legend!$C$14),"Completeness, ","")&IF(AND(O6<>"",O6<Legend!$C$14),"Consistency, ","")&IF(AND(R6<>"",R6<Legend!$C$14),"Timeliness, ","")&IF(AND(U6<>"",U6<Legend!$C$14),"Validity, ","") | Y6: =IF(V6="","",IF(LEN(X6)=0,"All dimensions on target",LEFT(X6,LEN(X6)-2)))
A7: =IF($B7="","",""&"AUD-"&TEXT(ROW()-4,"000")) | I7: =IFERROR(H7/G7,"") | L7: =IFERROR(K7/J7,"") | O7: =IFERROR(N7/M7,"") | R7: =IFERROR(Q7/P7,"") | U7: =IFERROR(T7/S7,"") | V7: =IFERROR(AVERAGE(I7,L7,O7,R7,U7),"") | W7: =IF(V7="","",IF(V7>=Legend!$C$14,"GREEN",IF(V7>=Legend!$C$15,"YELLOW",IF(V7>=Legend!$C$16,"ORANGE","RED")))) | X7: =IF(AND(I7<>"",I7<Legend!$C$14),"Accuracy, ","")&IF(AND(L7<>"",L7<Legend!$C$14),"Completeness, ","")&IF(AND(O7<>"",O7<Legend!$C$14),"Consistency, ","")&IF(AND(R7<>"",R7<Legend!$C$14),"Timeliness, ","")&IF(AND(U7<>"",U7<Legend!$C$14),"Validity, ","") | Y7: =IF(V7="","",IF(LEN(X7)=0,"All dimensions on target",LEFT(X7,LEN(X7)-2)))
A8: =IF($B8="","",""&"AUD-"&TEXT(ROW()-4,"000")) | I8: =IFERROR(H8/G8,"") | L8: =IFERROR(K8/J8,"") | O8: =IFERROR(N8/M8,"") | R8: =IFERROR(Q8/P8,"") | U8: =IFERROR(T8/S8,"") | V8: =IFERROR(AVERAGE(I8,L8,O8,R8,U8),"") | W8: =IF(V8="","",IF(V8>=Legend!$C$14,"GREEN",IF(V8>=Legend!$C$15,"YELLOW",IF(V8>=Legend!$C$16,"ORANGE","RED")))) | X8: =IF(AND(I8<>"",I8<Legend!$C$14),"Accuracy, ","")&IF(AND(L8<>"",L8<Legend!$C$14),"Completeness, ","")&IF(AND(O8<>"",O8<Legend!$C$14),"Consistency, ","")&IF(AND(R8<>"",R8<Legend!$C$14),"Timeliness, ","")&IF(AND(U8<>"",U8<Legend!$C$14),"Validity, ","") | Y8: =IF(V8="","",IF(LEN(X8)=0,"All dimensions on target",LEFT(X8,LEN(X8)-2)))
A9: =IF($B9="","",""&"AUD-"&TEXT(ROW()-4,"000")) | I9: =IFERROR(H9/G9,"") | L9: =IFERROR(K9/J9,"") | O9: =IFERROR(N9/M9,"") | R9: =IFERROR(Q9/P9,"") | U9: =IFERROR(T9/S9,"") | V9: =IFERROR(AVERAGE(I9,L9,O9,R9,U9),"") | W9: =IF(V9="","",IF(V9>=Legend!$C$14,"GREEN",IF(V9>=Legend!$C$15,"YELLOW",IF(V9>=Legend!$C$16,"ORANGE","RED")))) | X9: =IF(AND(I9<>"",I9<Legend!$C$14),"Accuracy, ","")&IF(AND(L9<>"",L9<Legend!$C$14),"Completeness, ","")&IF(AND(O9<>"",O9<Legend!$C$14),"Consistency, ","")&IF(AND(R9<>"",R9<Legend!$C$14),"Timeliness, ","")&IF(AND(U9<>"",U9<Legend!$C$14),"Validity, ","") | Y9: =IF(V9="","",IF(LEN(X9)=0,"All dimensions on target",LEFT(X9,LEN(X9)-2)))
A10: =IF($B10="","",""&"AUD-"&TEXT(ROW()-4,"000")) | I10: =IFERROR(H10/G10,"") | L10: =IFERROR(K10/J10,"") | O10: =IFERROR(N10/M10,"") | R10: =IFERROR(Q10/P10,"") | U10: =IFERROR(T10/S10,"") | V10: =IFERROR(AVERAGE(I10,L10,O10,R10,U10),"") | W10: =IF(V10="","",IF(V10>=Legend!$C$14,"GREEN",IF(V10>=Legend!$C$15,"YELLOW",IF(V10>=Legend!$C$16,"ORANGE","RED")))) | X10: =IF(AND(I10<>"",I10<Legend!$C$14),"Accuracy, ","")&IF(AND(L10<>"",L10<Legend!$C$14),"Completeness, ","")&IF(AND(O10<>"",O10<Legend!$C$14),"Consistency, ","")&IF(AND(R10<>"",R10<Legend!$C$14),"Timeliness, ","")&IF(AND(U10<>"",U10<Legend!$C$14),"Validity, ","") | Y10: =IF(V10="","",IF(LEN(X10)=0,"All dimensions on target",LEFT(X10,LEN(X10)-2)))
A11: =IF($B11="","",""&"AUD-"&TEXT(ROW()-4,"000")) | I11: =IFERROR(H11/G11,"") | L11: =IFERROR(K11/J11,"") | O11: =IFERROR(N11/M11,"") | R11: =IFERROR(Q11/P11,"") | U11: =IFERROR(T11/S11,"") | V11: =IFERROR(AVERAGE(I11,L11,O11,R11,U11),"") | W11: =IF(V11="","",IF(V11>=Legend!$C$14,"GREEN",IF(V11>=Legend!$C$15,"YELLOW",IF(V11>=Legend!$C$16,"ORANGE","RED")))) | X11: =IF(AND(I11<>"",I11<Legend!$C$14),"Accuracy, ","")&IF(AND(L11<>"",L11<Legend!$C$14),"Completeness, ","")&IF(AND(O11<>"",O11<Legend!$C$14),"Consistency, ","")&IF(AND(R11<>"",R11<Legend!$C$14),"Timeliness, ","")&IF(AND(U11<>"",U11<Legend!$C$14),"Validity, ","") | Y11: =IF(V11="","",IF(LEN(X11)=0,"All dimensions on target",LEFT(X11,LEN(X11)-2)))
A12: =IF($B12="","",""&"AUD-"&TEXT(ROW()-4,"000")) | I12: =IFERROR(H12/G12,"") | L12: =IFERROR(K12/J12,"") | O12: =IFERROR(N12/M12,"") | R12: =IFERROR(Q12/P12,"") | U12: =IFERROR(T12/S12,"") | V12: =IFERROR(AVERAGE(I12,L12,O12,R12,U12),"") | W12: =IF(V12="","",IF(V12>=Legend!$C$14,"GREEN",IF(V12>=Legend!$C$15,"YELLOW",IF(V12>=Legend!$C$16,"ORANGE","RED")))) | X12: =IF(AND(I12<>"",I12<Legend!$C$14),"Accuracy, ","")&IF(AND(L12<>"",L12<Legend!$C$14),"Completeness, ","")&IF(AND(O12<>"",O12<Legend!$C$14),"Consistency, ","")&IF(AND(R12<>"",R12<Legend!$C$14),"Timeliness, ","")&IF(AND(U12<>"",U12<Legend!$C$14),"Validity, ","") | Y12: =IF(V12="","",IF(LEN(X12)=0,"All dimensions on target",LEFT(X12,LEN(X12)-2)))
A13: =IF($B13="","",""&"AUD-"&TEXT(ROW()-4,"000")) | I13: =IFERROR(H13/G13,"") | L13: =IFERROR(K13/J13,"") | O13: =IFERROR(N13/M13,"") | R13: =IFERROR(Q13/P13,"") | U13: =IFERROR(T13/S13,"") | V13: =IFERROR(AVERAGE(I13,L13,O13,R13,U13),"") | W13: =IF(V13="","",IF(V13>=Legend!$C$14,"GREEN",IF(V13>=Legend!$C$15,"YELLOW",IF(V13>=Legend!$C$16,"ORANGE","RED")))) | X13: =IF(AND(I13<>"",I13<Legend!$C$14),"Accuracy, ","")&IF(AND(L13<>"",L13<Legend!$C$14),"Completeness, ","")&IF(AND(O13<>"",O13<Legend!$C$14),"Consistency, ","")&IF(AND(R13<>"",R13<Legend!$C$14),"Timeliness, ","")&IF(AND(U13<>"",U13<Legend!$C$14),"Validity, ","") | Y13: =IF(V13="","",IF(LEN(X13)=0,"All dimensions on target",LEFT(X13,LEN(X13)-2)))
A14: =IF($B14="","",""&"AUD-"&TEXT(ROW()-4,"000")) | I14: =IFERROR(H14/G14,"") | L14: =IFERROR(K14/J14,"") | O14: =IFERROR(N14/M14,"") | R14: =IFERROR(Q14/P14,"") | U14: =IFERROR(T14/S14,"") | V14: =IFERROR(AVERAGE(I14,L14,O14,R14,U14),"") | W14: =IF(V14="","",IF(V14>=Legend!$C$14,"GREEN",IF(V14>=Legend!$C$15,"YELLOW",IF(V14>=Legend!$C$16,"ORANGE","RED")))) | X14: =IF(AND(I14<>"",I14<Legend!$C$14),"Accuracy, ","")&IF(AND(L14<>"",L14<Legend!$C$14),"Completeness, ","")&IF(AND(O14<>"",O14<Legend!$C$14),"Consistency, ","")&IF(AND(R14<>"",R14<Legend!$C$14),"Timeliness, ","")&IF(AND(U14<>"",U14<Legend!$C$14),"Validity, ","") | Y14: =IF(V14="","",IF(LEN(X14)=0,"All dimensions on target",LEFT(X14,LEN(X14)-2)))
A15: =IF($B15="","",""&"AUD-"&TEXT(ROW()-4,"000")) | I15: =IFERROR(H15/G15,"") | L15: =IFERROR(K15/J15,"") | O15: =IFERROR(N15/M15,"") | R15: =IFERROR(Q15/P15,"") | U15: =IFERROR(T15/S15,"") | V15: =IFERROR(AVERAGE(I15,L15,O15,R15,U15),"") | W15: =IF(V15="","",IF(V15>=Legend!$C$14,"GREEN",IF(V15>=Legend!$C$15,"YELLOW",IF(V15>=Legend!$C$16,"ORANGE","RED")))) | X15: =IF(AND(I15<>"",I15<Legend!$C$14),"Accuracy, ","")&IF(AND(L15<>"",L15<Legend!$C$14),"Completeness, ","")&IF(AND(O15<>"",O15<Legend!$C$14),"Consistency, ","")&IF(AND(R15<>"",R15<Legend!$C$14),"Timeliness, ","")&IF(AND(U15<>"",U15<Legend!$C$14),"Validity, ","") | Y15: =IF(V15="","",IF(LEN(X15)=0,"All dimensions on target",LEFT(X15,LEN(X15)-2)))
A16: =IF($B16="","",""&"AUD-"&TEXT(ROW()-4,"000")) | I16: =IFERROR(H16/G16,"") | L16: =IFERROR(K16/J16,"") | O16: =IFERROR(N16/M16,"") | R16: =IFERROR(Q16/P16,"") | U16: =IFERROR(T16/S16,"") | V16: =IFERROR(AVERAGE(I16,L16,O16,R16,U16),"") | W16: =IF(V16="","",IF(V16>=Legend!$C$14,"GREEN",IF(V16>=Legend!$C$15,"YELLOW",IF(V16>=Legend!$C$16,"ORANGE","RED")))) | X16: =IF(AND(I16<>"",I16<Legend!$C$14),"Accuracy, ","")&IF(AND(L16<>"",L16<Legend!$C$14),"Completeness, ","")&IF(AND(O16<>"",O16<Legend!$C$14),"Consistency, ","")&IF(AND(R16<>"",R16<Legend!$C$14),"Timeliness, ","")&IF(AND(U16<>"",U16<Legend!$C$14),"Validity, ","") | Y16: =IF(V16="","",IF(LEN(X16)=0,"All dimensions on target",LEFT(X16,LEN(X16)-2)))
A17: =IF($B17="","",""&"AUD-"&TEXT(ROW()-4,"000")) | I17: =IFERROR(H17/G17,"") | L17: =IFERROR(K17/J17,"") | O17: =IFERROR(N17/M17,"") | R17: =IFERROR(Q17/P17,"") | U17: =IFERROR(T17/S17,"") | V17: =IFERROR(AVERAGE(I17,L17,O17,R17,U17),"") | W17: =IF(V17="","",IF(V17>=Legend!$C$14,"GREEN",IF(V17>=Legend!$C$15,"YELLOW",IF(V17>=Legend!$C$16,"ORANGE","RED")))) | X17: =IF(AND(I17<>"",I17<Legend!$C$14),"Accuracy, ","")&IF(AND(L17<>"",L17<Legend!$C$14),"Completeness, ","")&IF(AND(O17<>"",O17<Legend!$C$14),"Consistency, ","")&IF(AND(R17<>"",R17<Legend!$C$14),"Timeliness, ","")&IF(AND(U17<>"",U17<Legend!$C$14),"Validity, ","") | Y17: =IF(V17="","",IF(LEN(X17)=0,"All dimensions on target",LEFT(X17,LEN(X17)-2)))
... A200: =IF($B200="","",""&"AUD-"&TEXT(ROW()-4,"000")) | I200: =IFERROR(H200/G200,"") | L200: =IFERROR(K200/J200,"") | O200: =IFERROR(N200/M200,"") | R200: =IFERROR(Q200/P200,"") | U200: =IFERROR(T200/S200,"") | V200: =IFERROR(AVERAGE(I200,L200,O200,R200,U200),"") | W200: =IF(V200="","",IF(V200>=Legend!$C$14,"GREEN",IF(V200>=Legend!$C$15,"YELLOW",IF(V200>=Legend!$C$16,"ORANGE","RED")))) | X200: =IF(AND(I200<>"",I200<Legend!$C$14),"Accuracy, ","")&IF(AND(L200<>"",L200<Legend!$C$14),"Completeness, ","")&IF(AND(O200<>"",O200<Legend!$C$14),"Consistency, ","")&IF(AND(R200<>"",R200<Legend!$C$14),"Timeliness, ","")&IF(AND(U200<>"",U200<Legend!$C$14),"Validity, ","") | Y200: =IF(V200="","",IF(LEN(X200)=0,"All dimensions on target",LEFT(X200,LEN(X200)-2)))

Sheet Legend
A1: LEGEND & SETTINGS
A4: The 5 Data Quality Dimensions
A5: Dimension | B5: Definition
A6: Accuracy | B6: Data correctly reflects the real-world person, event or object it describes (e.g. correct beneficiary name, correct GPS location, correct amount).
A7: Completeness | B7: All required fields/records are present - no missing values, missing forms, or missing records that should exist.
A8: Consistency | B8: Data agrees with itself across forms, registers, systems or reporting periods (e.g. same figure in the register and the report).
A9: Timeliness | B9: Data is captured, updated and reported within the expected/required timeframe, so it is current when used for decisions.
A10: Validity | B10: Data conforms to the required format, type, range or defined code list (e.g. valid date format, ID number length, valid category code).
A12: RAG Thresholds (editable)
A13: Status | B13: Rule | C13: Threshold
A14: GREEN | B14: Score is at or above this value (Good) | C14: 0.85
A15: YELLOW | B15: Score is at or above this value, but below Green (Needs Improvement) | C15: 0.7
A16: ORANGE | B16: Score is at or above this value, but below Yellow (Significant Improvement Required) | C16: 0.55
A17: RED | B17: Anything below the Orange threshold (Critical)
A20: Project List (edit / add your projects)
A21: Project Name | B21: Month / Period
A22: (All Projects) | B22: (All Months)
A23: Sample Project A | B23: Jan-2026
A24: Sample Project B | B24: Feb-2026
B25: Mar-2026
B26: Apr-2026
B27: May-2026
B28: Jun-2026
B29: Jul-2026
B30: Aug-2026
B31: Sep-2026
B32: Oct-2026
B33: Nov-2026
B34: Dec-2026
A36: Add more rows to either list if needed - just keep entries contiguous (no gaps) and extend the dropdown ranges in Data Entry / Dashboard (Data > Data Validation) to match.

Sheet Instructions
A1: DATA QUALITY AUDIT TOOL
A3: How to use this workbook
A5: 1. Read the Legend sheet
A6: Check the 5 dimension definitions and the Green/Yellow/Red thresholds. Add your Project names and Month/Period labels to the lists provided - these feed the dropdowns used elsewhere in the workbook.
A9: 2. Record findings in 'Data Entry'
A10: Every time you complete a field audit (one project, one area, one month), add ONE ROW. Fill in the blue-shaded cells only: Project, Month, Area, Auditor, Date, and for each of the 5 dimensions the number of records/items CHECKED and the number found COMPLIANT (i.e. correct/complete/consistent/timely/valid).
A13: 3. Let the sheet calculate
A14: The % score, colour status (Green/Yellow/Orange/Red) and the row's 'Priority Areas' are all calculated automatically by formulas - do not type over the white/grey cells.
A17: 4. Check the 'Dashboard' sheet
A18: Use the dropdowns to filter by Project and/or Month (or leave on '(All Projects)' / '(All Months)' for the overall picture). The dashboard shows the % score and RAG status per dimension, an overall status, a chart, and automatically lists the dimension(s) that need the most attention.
A21: 5. Adjust thresholds if needed
A22: Go to Legend > RAG Thresholds to change what counts as Green/Yellow/Orange/Red for your programme. All formulas in the workbook update automatically.
A26: Colour Legend
A27: GREEN | B27: Good - score at or above the Green threshold (default 85%)
A28: YELLOW | B28: Needs improvement - score between the Yellow and Green thresholds (default 70-84%)
A29: ORANGE | B29: Significant improvement required - score between the Orange and Yellow thresholds (default 55-69%)
A30: RED | B30: Critical - score below the Orange threshold (default under 55%)
